--------------------------------------------------------
--  File created - Sunday-March-22-2020   
--------------------------------------------------------
--------------------------------------------------------
--  DDL for Sequence CRITERIA_SEQ
--------------------------------------------------------

   CREATE SEQUENCE  "PELINDO"."CRITERIA_SEQ"  MINVALUE 1 MAXVALUE 9999999999999999999999999999 INCREMENT BY 1 START WITH 41 CACHE 20 NOORDER  NOCYCLE ;
--------------------------------------------------------
--  DDL for Sequence CRITERIA_WEIGHTS_SEQ
--------------------------------------------------------

   CREATE SEQUENCE  "PELINDO"."CRITERIA_WEIGHTS_SEQ"  MINVALUE 1 MAXVALUE 9999999999999999999999999999 INCREMENT BY 1 START WITH 41 CACHE 20 NOORDER  NOCYCLE ;
--------------------------------------------------------
--  DDL for Sequence CRITERIA_WEIGHT_SEQ
--------------------------------------------------------

   CREATE SEQUENCE  "PELINDO"."CRITERIA_WEIGHT_SEQ"  MINVALUE 1 MAXVALUE 9999999999999999999999999999 INCREMENT BY 1 START WITH 1 CACHE 20 NOORDER  NOCYCLE ;
--------------------------------------------------------
--  DDL for Sequence CRITERIA_WEIGHT_SEQ1
--------------------------------------------------------

   CREATE SEQUENCE  "PELINDO"."CRITERIA_WEIGHT_SEQ1"  MINVALUE 1 MAXVALUE 9999999999999999999999999999 INCREMENT BY 1 START WITH 61 CACHE 20 NOORDER  NOCYCLE ;
--------------------------------------------------------
--  DDL for Sequence DEMAGE_DETAILS_SEQ
--------------------------------------------------------

   CREATE SEQUENCE  "PELINDO"."DEMAGE_DETAILS_SEQ"  MINVALUE 1 MAXVALUE 9999999999999999999999999999 INCREMENT BY 1 START WITH 81 CACHE 20 NOORDER  NOCYCLE ;
--------------------------------------------------------
--  DDL for Sequence DEMAGE_DETAILS_SEQ1
--------------------------------------------------------

   CREATE SEQUENCE  "PELINDO"."DEMAGE_DETAILS_SEQ1"  MINVALUE 1 MAXVALUE 9999999999999999999999999999 INCREMENT BY 1 START WITH 41 CACHE 20 NOORDER  NOCYCLE ;
--------------------------------------------------------
--  DDL for Sequence DEMAGE_DETAILS_WEIGHT_SEQ
--------------------------------------------------------

   CREATE SEQUENCE  "PELINDO"."DEMAGE_DETAILS_WEIGHT_SEQ"  MINVALUE 1 MAXVALUE 9999999999999999999999999999 INCREMENT BY 1 START WITH 1 CACHE 20 NOORDER  NOCYCLE ;
--------------------------------------------------------
--  DDL for Sequence DEMAGE_DETAILS_WEIGHT_SEQ1
--------------------------------------------------------

   CREATE SEQUENCE  "PELINDO"."DEMAGE_DETAILS_WEIGHT_SEQ1"  MINVALUE 1 MAXVALUE 9999999999999999999999999999 INCREMENT BY 1 START WITH 301 CACHE 20 NOORDER  NOCYCLE ;
--------------------------------------------------------
--  DDL for Sequence DEMO_CUST_SEQ
--------------------------------------------------------

   CREATE SEQUENCE  "PELINDO"."DEMO_CUST_SEQ"  MINVALUE 1 MAXVALUE 9999999999999999999999999999 INCREMENT BY 1 START WITH 21 CACHE 20 NOORDER  NOCYCLE ;
--------------------------------------------------------
--  DDL for Sequence DEMO_ORDER_ITEMS_SEQ
--------------------------------------------------------

   CREATE SEQUENCE  "PELINDO"."DEMO_ORDER_ITEMS_SEQ"  MINVALUE 1 MAXVALUE 9999999999999999999999999999 INCREMENT BY 1 START WITH 61 CACHE 20 NOORDER  NOCYCLE ;
--------------------------------------------------------
--  DDL for Sequence DEMO_ORD_SEQ
--------------------------------------------------------

   CREATE SEQUENCE  "PELINDO"."DEMO_ORD_SEQ"  MINVALUE 1 MAXVALUE 9999999999999999999999999999 INCREMENT BY 1 START WITH 11 CACHE 20 NOORDER  NOCYCLE ;
--------------------------------------------------------
--  DDL for Sequence DEMO_PROD_SEQ
--------------------------------------------------------

   CREATE SEQUENCE  "PELINDO"."DEMO_PROD_SEQ"  MINVALUE 1 MAXVALUE 9999999999999999999999999999 INCREMENT BY 1 START WITH 21 CACHE 20 NOORDER  NOCYCLE ;
--------------------------------------------------------
--  DDL for Sequence DEMO_USERS_SEQ
--------------------------------------------------------

   CREATE SEQUENCE  "PELINDO"."DEMO_USERS_SEQ"  MINVALUE 1 MAXVALUE 9999999999999999999999999999 INCREMENT BY 1 START WITH 21 CACHE 20 NOORDER  NOCYCLE ;
--------------------------------------------------------
--  DDL for Sequence FEEDBACK_SEQ
--------------------------------------------------------

   CREATE SEQUENCE  "PELINDO"."FEEDBACK_SEQ"  MINVALUE 1 MAXVALUE 9999999999999999999999999999 INCREMENT BY 1 START WITH 1 CACHE 20 NOORDER  NOCYCLE ;
--------------------------------------------------------
--  DDL for Sequence PRIORITY_SEQ
--------------------------------------------------------

   CREATE SEQUENCE  "PELINDO"."PRIORITY_SEQ"  MINVALUE 1 MAXVALUE 9999999999999999999999999999 INCREMENT BY 1 START WITH 1 CACHE 20 NOORDER  NOCYCLE ;
--------------------------------------------------------
--  DDL for Sequence PRIORITY_SEQ1
--------------------------------------------------------

   CREATE SEQUENCE  "PELINDO"."PRIORITY_SEQ1"  MINVALUE 1 MAXVALUE 9999999999999999999999999999 INCREMENT BY 1 START WITH 61 CACHE 20 NOORDER  NOCYCLE ;
--------------------------------------------------------
--  DDL for Sequence SCALE_SEQ
--------------------------------------------------------

   CREATE SEQUENCE  "PELINDO"."SCALE_SEQ"  MINVALUE 1 MAXVALUE 9999999999999999999999999999 INCREMENT BY 1 START WITH 1 CACHE 20 NOORDER  NOCYCLE ;
--------------------------------------------------------
--  DDL for Sequence SCALE_SEQ1
--------------------------------------------------------

   CREATE SEQUENCE  "PELINDO"."SCALE_SEQ1"  MINVALUE 1 MAXVALUE 9999999999999999999999999999 INCREMENT BY 1 START WITH 41 CACHE 20 NOORDER  NOCYCLE ;
--------------------------------------------------------
--  DDL for Sequence TICKET_DETAILS_SEQ
--------------------------------------------------------

   CREATE SEQUENCE  "PELINDO"."TICKET_DETAILS_SEQ"  MINVALUE 1 MAXVALUE 9999999999999999999999999999 INCREMENT BY 1 START WITH 1 CACHE 20 NOORDER  NOCYCLE ;
--------------------------------------------------------
--  DDL for Sequence TICKET_DETAILS_SEQ1
--------------------------------------------------------

   CREATE SEQUENCE  "PELINDO"."TICKET_DETAILS_SEQ1"  MINVALUE 1 MAXVALUE 9999999999999999999999999999 INCREMENT BY 1 START WITH 61 CACHE 20 NOORDER  NOCYCLE ;
--------------------------------------------------------
--  DDL for Sequence TICKET_SEQ
--------------------------------------------------------

   CREATE SEQUENCE  "PELINDO"."TICKET_SEQ"  MINVALUE 1 MAXVALUE 9999999999999999999999999999 INCREMENT BY 1 START WITH 21 CACHE 20 NOORDER  NOCYCLE ;
--------------------------------------------------------
--  DDL for Sequence TICKET_SEQ1
--------------------------------------------------------

   CREATE SEQUENCE  "PELINDO"."TICKET_SEQ1"  MINVALUE 1 MAXVALUE 9999999999999999999999999999 INCREMENT BY 1 START WITH 21 CACHE 20 NOORDER  NOCYCLE ;
--------------------------------------------------------
--  DDL for Sequence TICKET_SEQ2
--------------------------------------------------------

   CREATE SEQUENCE  "PELINDO"."TICKET_SEQ2"  MINVALUE 1 MAXVALUE 9999999999999999999999999999 INCREMENT BY 1 START WITH 21 CACHE 20 NOORDER  NOCYCLE ;
--------------------------------------------------------
--  DDL for Sequence TYPE_DEMAGE_SEQ
--------------------------------------------------------

   CREATE SEQUENCE  "PELINDO"."TYPE_DEMAGE_SEQ"  MINVALUE 1 MAXVALUE 9999999999999999999999999999 INCREMENT BY 1 START WITH 1 CACHE 20 NOORDER  NOCYCLE ;
--------------------------------------------------------
--  DDL for Sequence TYPE_DEMAGE_SEQ1
--------------------------------------------------------

   CREATE SEQUENCE  "PELINDO"."TYPE_DEMAGE_SEQ1"  MINVALUE 1 MAXVALUE 9999999999999999999999999999 INCREMENT BY 1 START WITH 1 CACHE 20 NOORDER  NOCYCLE ;
--------------------------------------------------------
--  DDL for Sequence TYPE_DEMAGE_SEQ2
--------------------------------------------------------

   CREATE SEQUENCE  "PELINDO"."TYPE_DEMAGE_SEQ2"  MINVALUE 1 MAXVALUE 9999999999999999999999999999 INCREMENT BY 1 START WITH 41 CACHE 20 NOORDER  NOCYCLE ;
--------------------------------------------------------
--  DDL for Sequence USERS_SEQ
--------------------------------------------------------

   CREATE SEQUENCE  "PELINDO"."USERS_SEQ"  MINVALUE 1 MAXVALUE 9999999999999999999999999999 INCREMENT BY 1 START WITH 121 CACHE 20 NOORDER  NOCYCLE ;
--------------------------------------------------------
--  DDL for Sequence USER_SEQ
--------------------------------------------------------

   CREATE SEQUENCE  "PELINDO"."USER_SEQ"  MINVALUE 1 MAXVALUE 9999999999999999999999999999 INCREMENT BY 1 START WITH 5 CACHE 20 NOORDER  NOCYCLE ;
--------------------------------------------------------
--  DDL for Table CRITERIA
--------------------------------------------------------

  CREATE TABLE "PELINDO"."CRITERIA" 
   (	"ID_CRITERIA" NUMBER(*,0), 
	"NAME_CRITERIA" VARCHAR2(50 BYTE)
   ) SEGMENT CREATION IMMEDIATE 
  PCTFREE 10 PCTUSED 40 INITRANS 1 MAXTRANS 255 NOCOMPRESS LOGGING
  STORAGE(INITIAL 65536 NEXT 1048576 MINEXTENTS 1 MAXEXTENTS 2147483645
  PCTINCREASE 0 FREELISTS 1 FREELIST GROUPS 1 BUFFER_POOL DEFAULT FLASH_CACHE DEFAULT CELL_FLASH_CACHE DEFAULT)
  TABLESPACE "USERS" ;
--------------------------------------------------------
--  DDL for Table CRITERIA_WEIGHT
--------------------------------------------------------

  CREATE TABLE "PELINDO"."CRITERIA_WEIGHT" 
   (	"ID_CRITERIA_WEIGHT" NUMBER(*,0), 
	"ID1" VARCHAR2(20 BYTE), 
	"ID2" VARCHAR2(20 BYTE), 
	"SCORE" VARCHAR2(150 BYTE)
   ) SEGMENT CREATION IMMEDIATE 
  PCTFREE 10 PCTUSED 40 INITRANS 1 MAXTRANS 255 NOCOMPRESS LOGGING
  STORAGE(INITIAL 65536 NEXT 1048576 MINEXTENTS 1 MAXEXTENTS 2147483645
  PCTINCREASE 0 FREELISTS 1 FREELIST GROUPS 1 BUFFER_POOL DEFAULT FLASH_CACHE DEFAULT CELL_FLASH_CACHE DEFAULT)
  TABLESPACE "USERS" ;
--------------------------------------------------------
--  DDL for Table DEMAGE_DETAILS
--------------------------------------------------------

  CREATE TABLE "PELINDO"."DEMAGE_DETAILS" 
   (	"ID_DEMAGE_DETAILS" NUMBER(*,0), 
	"DEMAGE_DETAILS" VARCHAR2(100 BYTE), 
	"CREATED_AT" VARCHAR2(50 BYTE), 
	"UPDATED_AT" VARCHAR2(50 BYTE), 
	"RANK" NUMBER(*,0), 
	"TOTAL" VARCHAR2(150 BYTE)
   ) SEGMENT CREATION IMMEDIATE 
  PCTFREE 10 PCTUSED 40 INITRANS 1 MAXTRANS 255 NOCOMPRESS LOGGING
  STORAGE(INITIAL 65536 NEXT 1048576 MINEXTENTS 1 MAXEXTENTS 2147483645
  PCTINCREASE 0 FREELISTS 1 FREELIST GROUPS 1 BUFFER_POOL DEFAULT FLASH_CACHE DEFAULT CELL_FLASH_CACHE DEFAULT)
  TABLESPACE "USERS" ;
--------------------------------------------------------
--  DDL for Table DEMAGE_DETAILS_WEIGHT
--------------------------------------------------------

  CREATE TABLE "PELINDO"."DEMAGE_DETAILS_WEIGHT" 
   (	"ID_DEMAGE_DETAILS_WEIGHT" NUMBER(*,0), 
	"KODE1" NUMBER(*,0), 
	"KODE2" NUMBER(*,0), 
	"ID_CRITERIA" NUMBER(*,0), 
	"SCORE" FLOAT(126)
   ) SEGMENT CREATION IMMEDIATE 
  PCTFREE 10 PCTUSED 40 INITRANS 1 MAXTRANS 255 NOCOMPRESS LOGGING
  STORAGE(INITIAL 65536 NEXT 1048576 MINEXTENTS 1 MAXEXTENTS 2147483645
  PCTINCREASE 0 FREELISTS 1 FREELIST GROUPS 1 BUFFER_POOL DEFAULT FLASH_CACHE DEFAULT CELL_FLASH_CACHE DEFAULT)
  TABLESPACE "USERS" ;
--------------------------------------------------------
--  DDL for Table FEEDBACK
--------------------------------------------------------

  CREATE TABLE "PELINDO"."FEEDBACK" 
   (	"ID_FEEDBACK" NUMBER(*,0), 
	"ID_TICKET" NUMBER(*,0), 
	"SCORE" NUMBER, 
	"DESCRIPTION" VARCHAR2(255 BYTE)
   ) SEGMENT CREATION IMMEDIATE 
  PCTFREE 10 PCTUSED 40 INITRANS 1 MAXTRANS 255 NOCOMPRESS LOGGING
  STORAGE(INITIAL 65536 NEXT 1048576 MINEXTENTS 1 MAXEXTENTS 2147483645
  PCTINCREASE 0 FREELISTS 1 FREELIST GROUPS 1 BUFFER_POOL DEFAULT FLASH_CACHE DEFAULT CELL_FLASH_CACHE DEFAULT)
  TABLESPACE "USERS" ;
--------------------------------------------------------
--  DDL for Table PRIORITY
--------------------------------------------------------

  CREATE TABLE "PELINDO"."PRIORITY" 
   (	"ID_PRIORITY" NUMBER(*,0), 
	"NAME_PRIORITY" VARCHAR2(100 BYTE), 
	"CREATED_AT" VARCHAR2(20 BYTE), 
	"UPDATED_AT" VARCHAR2(20 BYTE), 
	"PRIORITY_SCORE" NUMBER(*,0)
   ) SEGMENT CREATION IMMEDIATE 
  PCTFREE 10 PCTUSED 40 INITRANS 1 MAXTRANS 255 NOCOMPRESS LOGGING
  STORAGE(INITIAL 65536 NEXT 1048576 MINEXTENTS 1 MAXEXTENTS 2147483645
  PCTINCREASE 0 FREELISTS 1 FREELIST GROUPS 1 BUFFER_POOL DEFAULT FLASH_CACHE DEFAULT CELL_FLASH_CACHE DEFAULT)
  TABLESPACE "USERS" ;
--------------------------------------------------------
--  DDL for Table SCALE
--------------------------------------------------------

  CREATE TABLE "PELINDO"."SCALE" 
   (	"ID_SCALE" NUMBER(*,0), 
	"NAME_SCALE" VARCHAR2(50 BYTE), 
	"SCORE_SCALE" VARCHAR2(50 BYTE)
   ) SEGMENT CREATION IMMEDIATE 
  PCTFREE 10 PCTUSED 40 INITRANS 1 MAXTRANS 255 NOCOMPRESS LOGGING
  STORAGE(INITIAL 65536 NEXT 1048576 MINEXTENTS 1 MAXEXTENTS 2147483645
  PCTINCREASE 0 FREELISTS 1 FREELIST GROUPS 1 BUFFER_POOL DEFAULT FLASH_CACHE DEFAULT CELL_FLASH_CACHE DEFAULT)
  TABLESPACE "USERS" ;
--------------------------------------------------------
--  DDL for Table TICKET
--------------------------------------------------------

  CREATE TABLE "PELINDO"."TICKET" 
   (	"ID_TICKET" NUMBER(*,0), 
	"ID_TICKET_DETAILS" NUMBER(*,0), 
	"TOKEN" VARCHAR2(255 BYTE), 
	"STATUS" VARCHAR2(50 BYTE), 
	"CREATED_AT" VARCHAR2(50 BYTE), 
	"UPDATED_AT" VARCHAR2(50 BYTE), 
	"SCORE" VARCHAR2(50 BYTE), 
	"COMENT" VARCHAR2(150 BYTE)
   ) SEGMENT CREATION IMMEDIATE 
  PCTFREE 10 PCTUSED 40 INITRANS 1 MAXTRANS 255 NOCOMPRESS LOGGING
  STORAGE(INITIAL 65536 NEXT 1048576 MINEXTENTS 1 MAXEXTENTS 2147483645
  PCTINCREASE 0 FREELISTS 1 FREELIST GROUPS 1 BUFFER_POOL DEFAULT FLASH_CACHE DEFAULT CELL_FLASH_CACHE DEFAULT)
  TABLESPACE "USERS" ;
--------------------------------------------------------
--  DDL for Table TICKET_DETAILS
--------------------------------------------------------

  CREATE TABLE "PELINDO"."TICKET_DETAILS" 
   (	"ID_TICKET_DETAILS" NUMBER(*,0), 
	"ID_TYPE_DEMAGES" NUMBER(*,0), 
	"ID_USERS" NUMBER(*,0), 
	"SUBJECT" VARCHAR2(150 BYTE), 
	"DESCRIPTION" VARCHAR2(255 BYTE), 
	"IMAGE" VARCHAR2(255 BYTE), 
	"CREATED_AT" VARCHAR2(20 BYTE), 
	"UPDATED_AT" VARCHAR2(20 BYTE)
   ) SEGMENT CREATION IMMEDIATE 
  PCTFREE 10 PCTUSED 40 INITRANS 1 MAXTRANS 255 NOCOMPRESS LOGGING
  STORAGE(INITIAL 65536 NEXT 1048576 MINEXTENTS 1 MAXEXTENTS 2147483645
  PCTINCREASE 0 FREELISTS 1 FREELIST GROUPS 1 BUFFER_POOL DEFAULT FLASH_CACHE DEFAULT CELL_FLASH_CACHE DEFAULT)
  TABLESPACE "USERS" ;
--------------------------------------------------------
--  DDL for Table TYPE_DEMAGE
--------------------------------------------------------

  CREATE TABLE "PELINDO"."TYPE_DEMAGE" 
   (	"ID_TYPE_DEMAGES" NUMBER(*,0), 
	"TYPE_DEMAGE" VARCHAR2(100 BYTE), 
	"ID_DEMAGE_DETAILS" NUMBER(*,0), 
	"ID_USERS" NUMBER(*,0), 
	"ID_PRIORITY" NUMBER(*,0), 
	"CREATED_AT" VARCHAR2(50 BYTE), 
	"UPDATED_AT" VARCHAR2(50 BYTE)
   ) SEGMENT CREATION IMMEDIATE 
  PCTFREE 10 PCTUSED 40 INITRANS 1 MAXTRANS 255 NOCOMPRESS LOGGING
  STORAGE(INITIAL 65536 NEXT 1048576 MINEXTENTS 1 MAXEXTENTS 2147483645
  PCTINCREASE 0 FREELISTS 1 FREELIST GROUPS 1 BUFFER_POOL DEFAULT FLASH_CACHE DEFAULT CELL_FLASH_CACHE DEFAULT)
  TABLESPACE "USERS" ;
--------------------------------------------------------
--  DDL for Table USERS
--------------------------------------------------------

  CREATE TABLE "PELINDO"."USERS" 
   (	"ID_USERS" NUMBER(*,0), 
	"USERNAME" VARCHAR2(50 BYTE), 
	"PASSWORD" VARCHAR2(100 BYTE), 
	"NAME" VARCHAR2(50 BYTE), 
	"POSITION" VARCHAR2(20 BYTE), 
	"CREATED_AT" VARCHAR2(50 BYTE), 
	"UPDATED_AT" VARCHAR2(50 BYTE), 
	"ROLE" VARCHAR2(20 BYTE), 
	"DIVISION" VARCHAR2(100 BYTE), 
	"EXPERTISE" VARCHAR2(100 BYTE)
   ) SEGMENT CREATION IMMEDIATE 
  PCTFREE 10 PCTUSED 40 INITRANS 1 MAXTRANS 255 NOCOMPRESS LOGGING
  STORAGE(INITIAL 65536 NEXT 1048576 MINEXTENTS 1 MAXEXTENTS 2147483645
  PCTINCREASE 0 FREELISTS 1 FREELIST GROUPS 1 BUFFER_POOL DEFAULT FLASH_CACHE DEFAULT CELL_FLASH_CACHE DEFAULT)
  TABLESPACE "USERS" ;
REM INSERTING into PELINDO.CRITERIA
SET DEFINE OFF;
Insert into PELINDO.CRITERIA (ID_CRITERIA,NAME_CRITERIA) values ('3','Tingkat Kesulitan');
Insert into PELINDO.CRITERIA (ID_CRITERIA,NAME_CRITERIA) values ('1','Waktu Melapor');
Insert into PELINDO.CRITERIA (ID_CRITERIA,NAME_CRITERIA) values ('2','Lama Pengerjaan');
REM INSERTING into PELINDO.CRITERIA_WEIGHT
SET DEFINE OFF;
Insert into PELINDO.CRITERIA_WEIGHT (ID_CRITERIA_WEIGHT,ID1,ID2,SCORE) values ('48','1','1','1');
Insert into PELINDO.CRITERIA_WEIGHT (ID_CRITERIA_WEIGHT,ID1,ID2,SCORE) values ('51','1','2','.25');
Insert into PELINDO.CRITERIA_WEIGHT (ID_CRITERIA_WEIGHT,ID1,ID2,SCORE) values ('49','2','1','4');
Insert into PELINDO.CRITERIA_WEIGHT (ID_CRITERIA_WEIGHT,ID1,ID2,SCORE) values ('50','2','2','1');
Insert into PELINDO.CRITERIA_WEIGHT (ID_CRITERIA_WEIGHT,ID1,ID2,SCORE) values ('52','3','3','1');
Insert into PELINDO.CRITERIA_WEIGHT (ID_CRITERIA_WEIGHT,ID1,ID2,SCORE) values ('53','3','1','5');
Insert into PELINDO.CRITERIA_WEIGHT (ID_CRITERIA_WEIGHT,ID1,ID2,SCORE) values ('54','3','2','.2');
Insert into PELINDO.CRITERIA_WEIGHT (ID_CRITERIA_WEIGHT,ID1,ID2,SCORE) values ('55','1','3','.2');
Insert into PELINDO.CRITERIA_WEIGHT (ID_CRITERIA_WEIGHT,ID1,ID2,SCORE) values ('56','2','3','5');
REM INSERTING into PELINDO.DEMAGE_DETAILS
SET DEFINE OFF;
Insert into PELINDO.DEMAGE_DETAILS (ID_DEMAGE_DETAILS,DEMAGE_DETAILS,CREATED_AT,UPDATED_AT,RANK,TOTAL) values ('1','Printer Catridge Rusak','22-03-2020',null,'5','0.14730939410585');
Insert into PELINDO.DEMAGE_DETAILS (ID_DEMAGE_DETAILS,DEMAGE_DETAILS,CREATED_AT,UPDATED_AT,RANK,TOTAL) values ('2','Printer Kabel Putus','22-03-2020',null,'4','0.19167808311097');
Insert into PELINDO.DEMAGE_DETAILS (ID_DEMAGE_DETAILS,DEMAGE_DETAILS,CREATED_AT,UPDATED_AT,RANK,TOTAL) values ('3','Printer On/Of Rusak','22-03-2020',null,'1','0.25538537595382');
Insert into PELINDO.DEMAGE_DETAILS (ID_DEMAGE_DETAILS,DEMAGE_DETAILS,CREATED_AT,UPDATED_AT,RANK,TOTAL) values ('4','Windows Error','22-03-2020',null,'3','0.19628394281667');
Insert into PELINDO.DEMAGE_DETAILS (ID_DEMAGE_DETAILS,DEMAGE_DETAILS,CREATED_AT,UPDATED_AT,RANK,TOTAL) values ('5','Windows Hang','22-03-2020',null,'2','0.2093432040127');
REM INSERTING into PELINDO.DEMAGE_DETAILS_WEIGHT
SET DEFINE OFF;
Insert into PELINDO.DEMAGE_DETAILS_WEIGHT (ID_DEMAGE_DETAILS_WEIGHT,KODE1,KODE2,ID_CRITERIA,SCORE) values ('209','1','1','1','1');
Insert into PELINDO.DEMAGE_DETAILS_WEIGHT (ID_DEMAGE_DETAILS_WEIGHT,KODE1,KODE2,ID_CRITERIA,SCORE) values ('210','1','1','2','1');
Insert into PELINDO.DEMAGE_DETAILS_WEIGHT (ID_DEMAGE_DETAILS_WEIGHT,KODE1,KODE2,ID_CRITERIA,SCORE) values ('211','1','1','3','1');
Insert into PELINDO.DEMAGE_DETAILS_WEIGHT (ID_DEMAGE_DETAILS_WEIGHT,KODE1,KODE2,ID_CRITERIA,SCORE) values ('212','2','1','1','5');
Insert into PELINDO.DEMAGE_DETAILS_WEIGHT (ID_DEMAGE_DETAILS_WEIGHT,KODE1,KODE2,ID_CRITERIA,SCORE) values ('213','2','2','1','1');
Insert into PELINDO.DEMAGE_DETAILS_WEIGHT (ID_DEMAGE_DETAILS_WEIGHT,KODE1,KODE2,ID_CRITERIA,SCORE) values ('214','1','2','1','0,2');
Insert into PELINDO.DEMAGE_DETAILS_WEIGHT (ID_DEMAGE_DETAILS_WEIGHT,KODE1,KODE2,ID_CRITERIA,SCORE) values ('215','2','1','2','1');
Insert into PELINDO.DEMAGE_DETAILS_WEIGHT (ID_DEMAGE_DETAILS_WEIGHT,KODE1,KODE2,ID_CRITERIA,SCORE) values ('216','2','2','2','1');
Insert into PELINDO.DEMAGE_DETAILS_WEIGHT (ID_DEMAGE_DETAILS_WEIGHT,KODE1,KODE2,ID_CRITERIA,SCORE) values ('217','1','2','2','1');
Insert into PELINDO.DEMAGE_DETAILS_WEIGHT (ID_DEMAGE_DETAILS_WEIGHT,KODE1,KODE2,ID_CRITERIA,SCORE) values ('218','2','1','3','1');
Insert into PELINDO.DEMAGE_DETAILS_WEIGHT (ID_DEMAGE_DETAILS_WEIGHT,KODE1,KODE2,ID_CRITERIA,SCORE) values ('219','2','2','3','1');
Insert into PELINDO.DEMAGE_DETAILS_WEIGHT (ID_DEMAGE_DETAILS_WEIGHT,KODE1,KODE2,ID_CRITERIA,SCORE) values ('220','1','2','3','1');
Insert into PELINDO.DEMAGE_DETAILS_WEIGHT (ID_DEMAGE_DETAILS_WEIGHT,KODE1,KODE2,ID_CRITERIA,SCORE) values ('221','3','1','1','0,2');
Insert into PELINDO.DEMAGE_DETAILS_WEIGHT (ID_DEMAGE_DETAILS_WEIGHT,KODE1,KODE2,ID_CRITERIA,SCORE) values ('222','3','2','1','0,2');
Insert into PELINDO.DEMAGE_DETAILS_WEIGHT (ID_DEMAGE_DETAILS_WEIGHT,KODE1,KODE2,ID_CRITERIA,SCORE) values ('223','3','3','1','1');
Insert into PELINDO.DEMAGE_DETAILS_WEIGHT (ID_DEMAGE_DETAILS_WEIGHT,KODE1,KODE2,ID_CRITERIA,SCORE) values ('224','1','3','1','5');
Insert into PELINDO.DEMAGE_DETAILS_WEIGHT (ID_DEMAGE_DETAILS_WEIGHT,KODE1,KODE2,ID_CRITERIA,SCORE) values ('225','2','3','1','5');
Insert into PELINDO.DEMAGE_DETAILS_WEIGHT (ID_DEMAGE_DETAILS_WEIGHT,KODE1,KODE2,ID_CRITERIA,SCORE) values ('226','3','1','2','1');
Insert into PELINDO.DEMAGE_DETAILS_WEIGHT (ID_DEMAGE_DETAILS_WEIGHT,KODE1,KODE2,ID_CRITERIA,SCORE) values ('227','3','2','2','1');
Insert into PELINDO.DEMAGE_DETAILS_WEIGHT (ID_DEMAGE_DETAILS_WEIGHT,KODE1,KODE2,ID_CRITERIA,SCORE) values ('228','3','3','2','1');
Insert into PELINDO.DEMAGE_DETAILS_WEIGHT (ID_DEMAGE_DETAILS_WEIGHT,KODE1,KODE2,ID_CRITERIA,SCORE) values ('229','1','3','2','1');
Insert into PELINDO.DEMAGE_DETAILS_WEIGHT (ID_DEMAGE_DETAILS_WEIGHT,KODE1,KODE2,ID_CRITERIA,SCORE) values ('230','2','3','2','1');
Insert into PELINDO.DEMAGE_DETAILS_WEIGHT (ID_DEMAGE_DETAILS_WEIGHT,KODE1,KODE2,ID_CRITERIA,SCORE) values ('231','3','1','3','1');
Insert into PELINDO.DEMAGE_DETAILS_WEIGHT (ID_DEMAGE_DETAILS_WEIGHT,KODE1,KODE2,ID_CRITERIA,SCORE) values ('232','3','2','3','1');
Insert into PELINDO.DEMAGE_DETAILS_WEIGHT (ID_DEMAGE_DETAILS_WEIGHT,KODE1,KODE2,ID_CRITERIA,SCORE) values ('233','3','3','3','1');
Insert into PELINDO.DEMAGE_DETAILS_WEIGHT (ID_DEMAGE_DETAILS_WEIGHT,KODE1,KODE2,ID_CRITERIA,SCORE) values ('234','1','3','3','1');
Insert into PELINDO.DEMAGE_DETAILS_WEIGHT (ID_DEMAGE_DETAILS_WEIGHT,KODE1,KODE2,ID_CRITERIA,SCORE) values ('235','2','3','3','1');
Insert into PELINDO.DEMAGE_DETAILS_WEIGHT (ID_DEMAGE_DETAILS_WEIGHT,KODE1,KODE2,ID_CRITERIA,SCORE) values ('236','4','1','1','5');
Insert into PELINDO.DEMAGE_DETAILS_WEIGHT (ID_DEMAGE_DETAILS_WEIGHT,KODE1,KODE2,ID_CRITERIA,SCORE) values ('237','4','2','1','3');
Insert into PELINDO.DEMAGE_DETAILS_WEIGHT (ID_DEMAGE_DETAILS_WEIGHT,KODE1,KODE2,ID_CRITERIA,SCORE) values ('238','4','3','1','4');
Insert into PELINDO.DEMAGE_DETAILS_WEIGHT (ID_DEMAGE_DETAILS_WEIGHT,KODE1,KODE2,ID_CRITERIA,SCORE) values ('239','4','4','1','1');
Insert into PELINDO.DEMAGE_DETAILS_WEIGHT (ID_DEMAGE_DETAILS_WEIGHT,KODE1,KODE2,ID_CRITERIA,SCORE) values ('240','1','4','1','0,2');
Insert into PELINDO.DEMAGE_DETAILS_WEIGHT (ID_DEMAGE_DETAILS_WEIGHT,KODE1,KODE2,ID_CRITERIA,SCORE) values ('241','2','4','1','0,33333333333333333333333333333333333333');
Insert into PELINDO.DEMAGE_DETAILS_WEIGHT (ID_DEMAGE_DETAILS_WEIGHT,KODE1,KODE2,ID_CRITERIA,SCORE) values ('242','3','4','1','0,25');
Insert into PELINDO.DEMAGE_DETAILS_WEIGHT (ID_DEMAGE_DETAILS_WEIGHT,KODE1,KODE2,ID_CRITERIA,SCORE) values ('243','4','1','2','1');
Insert into PELINDO.DEMAGE_DETAILS_WEIGHT (ID_DEMAGE_DETAILS_WEIGHT,KODE1,KODE2,ID_CRITERIA,SCORE) values ('244','4','2','2','1');
Insert into PELINDO.DEMAGE_DETAILS_WEIGHT (ID_DEMAGE_DETAILS_WEIGHT,KODE1,KODE2,ID_CRITERIA,SCORE) values ('245','4','3','2','1');
Insert into PELINDO.DEMAGE_DETAILS_WEIGHT (ID_DEMAGE_DETAILS_WEIGHT,KODE1,KODE2,ID_CRITERIA,SCORE) values ('246','4','4','2','1');
Insert into PELINDO.DEMAGE_DETAILS_WEIGHT (ID_DEMAGE_DETAILS_WEIGHT,KODE1,KODE2,ID_CRITERIA,SCORE) values ('247','1','4','2','1');
Insert into PELINDO.DEMAGE_DETAILS_WEIGHT (ID_DEMAGE_DETAILS_WEIGHT,KODE1,KODE2,ID_CRITERIA,SCORE) values ('248','2','4','2','1');
Insert into PELINDO.DEMAGE_DETAILS_WEIGHT (ID_DEMAGE_DETAILS_WEIGHT,KODE1,KODE2,ID_CRITERIA,SCORE) values ('249','3','4','2','1');
Insert into PELINDO.DEMAGE_DETAILS_WEIGHT (ID_DEMAGE_DETAILS_WEIGHT,KODE1,KODE2,ID_CRITERIA,SCORE) values ('250','4','1','3','1');
Insert into PELINDO.DEMAGE_DETAILS_WEIGHT (ID_DEMAGE_DETAILS_WEIGHT,KODE1,KODE2,ID_CRITERIA,SCORE) values ('251','4','2','3','1');
Insert into PELINDO.DEMAGE_DETAILS_WEIGHT (ID_DEMAGE_DETAILS_WEIGHT,KODE1,KODE2,ID_CRITERIA,SCORE) values ('252','4','3','3','1');
Insert into PELINDO.DEMAGE_DETAILS_WEIGHT (ID_DEMAGE_DETAILS_WEIGHT,KODE1,KODE2,ID_CRITERIA,SCORE) values ('253','4','4','3','1');
Insert into PELINDO.DEMAGE_DETAILS_WEIGHT (ID_DEMAGE_DETAILS_WEIGHT,KODE1,KODE2,ID_CRITERIA,SCORE) values ('254','1','4','3','1');
Insert into PELINDO.DEMAGE_DETAILS_WEIGHT (ID_DEMAGE_DETAILS_WEIGHT,KODE1,KODE2,ID_CRITERIA,SCORE) values ('255','2','4','3','1');
Insert into PELINDO.DEMAGE_DETAILS_WEIGHT (ID_DEMAGE_DETAILS_WEIGHT,KODE1,KODE2,ID_CRITERIA,SCORE) values ('256','3','4','3','1');
Insert into PELINDO.DEMAGE_DETAILS_WEIGHT (ID_DEMAGE_DETAILS_WEIGHT,KODE1,KODE2,ID_CRITERIA,SCORE) values ('257','5','1','1','3');
Insert into PELINDO.DEMAGE_DETAILS_WEIGHT (ID_DEMAGE_DETAILS_WEIGHT,KODE1,KODE2,ID_CRITERIA,SCORE) values ('258','5','2','1','2');
Insert into PELINDO.DEMAGE_DETAILS_WEIGHT (ID_DEMAGE_DETAILS_WEIGHT,KODE1,KODE2,ID_CRITERIA,SCORE) values ('259','5','3','1','4');
Insert into PELINDO.DEMAGE_DETAILS_WEIGHT (ID_DEMAGE_DETAILS_WEIGHT,KODE1,KODE2,ID_CRITERIA,SCORE) values ('260','5','4','1','5');
Insert into PELINDO.DEMAGE_DETAILS_WEIGHT (ID_DEMAGE_DETAILS_WEIGHT,KODE1,KODE2,ID_CRITERIA,SCORE) values ('261','5','5','1','1');
Insert into PELINDO.DEMAGE_DETAILS_WEIGHT (ID_DEMAGE_DETAILS_WEIGHT,KODE1,KODE2,ID_CRITERIA,SCORE) values ('262','1','5','1','0,33333333333333333333333333333333333333');
Insert into PELINDO.DEMAGE_DETAILS_WEIGHT (ID_DEMAGE_DETAILS_WEIGHT,KODE1,KODE2,ID_CRITERIA,SCORE) values ('263','2','5','1','0,5');
Insert into PELINDO.DEMAGE_DETAILS_WEIGHT (ID_DEMAGE_DETAILS_WEIGHT,KODE1,KODE2,ID_CRITERIA,SCORE) values ('264','3','5','1','0,25');
Insert into PELINDO.DEMAGE_DETAILS_WEIGHT (ID_DEMAGE_DETAILS_WEIGHT,KODE1,KODE2,ID_CRITERIA,SCORE) values ('265','4','5','1','0,2');
Insert into PELINDO.DEMAGE_DETAILS_WEIGHT (ID_DEMAGE_DETAILS_WEIGHT,KODE1,KODE2,ID_CRITERIA,SCORE) values ('266','5','1','2','1');
Insert into PELINDO.DEMAGE_DETAILS_WEIGHT (ID_DEMAGE_DETAILS_WEIGHT,KODE1,KODE2,ID_CRITERIA,SCORE) values ('267','5','2','2','1');
Insert into PELINDO.DEMAGE_DETAILS_WEIGHT (ID_DEMAGE_DETAILS_WEIGHT,KODE1,KODE2,ID_CRITERIA,SCORE) values ('268','5','3','2','1');
Insert into PELINDO.DEMAGE_DETAILS_WEIGHT (ID_DEMAGE_DETAILS_WEIGHT,KODE1,KODE2,ID_CRITERIA,SCORE) values ('269','5','4','2','1');
Insert into PELINDO.DEMAGE_DETAILS_WEIGHT (ID_DEMAGE_DETAILS_WEIGHT,KODE1,KODE2,ID_CRITERIA,SCORE) values ('270','5','5','2','1');
Insert into PELINDO.DEMAGE_DETAILS_WEIGHT (ID_DEMAGE_DETAILS_WEIGHT,KODE1,KODE2,ID_CRITERIA,SCORE) values ('271','1','5','2','1');
Insert into PELINDO.DEMAGE_DETAILS_WEIGHT (ID_DEMAGE_DETAILS_WEIGHT,KODE1,KODE2,ID_CRITERIA,SCORE) values ('272','2','5','2','1');
Insert into PELINDO.DEMAGE_DETAILS_WEIGHT (ID_DEMAGE_DETAILS_WEIGHT,KODE1,KODE2,ID_CRITERIA,SCORE) values ('273','3','5','2','1');
Insert into PELINDO.DEMAGE_DETAILS_WEIGHT (ID_DEMAGE_DETAILS_WEIGHT,KODE1,KODE2,ID_CRITERIA,SCORE) values ('274','4','5','2','1');
Insert into PELINDO.DEMAGE_DETAILS_WEIGHT (ID_DEMAGE_DETAILS_WEIGHT,KODE1,KODE2,ID_CRITERIA,SCORE) values ('275','5','1','3','1');
Insert into PELINDO.DEMAGE_DETAILS_WEIGHT (ID_DEMAGE_DETAILS_WEIGHT,KODE1,KODE2,ID_CRITERIA,SCORE) values ('276','5','2','3','1');
Insert into PELINDO.DEMAGE_DETAILS_WEIGHT (ID_DEMAGE_DETAILS_WEIGHT,KODE1,KODE2,ID_CRITERIA,SCORE) values ('277','5','3','3','1');
Insert into PELINDO.DEMAGE_DETAILS_WEIGHT (ID_DEMAGE_DETAILS_WEIGHT,KODE1,KODE2,ID_CRITERIA,SCORE) values ('278','5','4','3','1');
Insert into PELINDO.DEMAGE_DETAILS_WEIGHT (ID_DEMAGE_DETAILS_WEIGHT,KODE1,KODE2,ID_CRITERIA,SCORE) values ('279','5','5','3','1');
Insert into PELINDO.DEMAGE_DETAILS_WEIGHT (ID_DEMAGE_DETAILS_WEIGHT,KODE1,KODE2,ID_CRITERIA,SCORE) values ('280','1','5','3','1');
Insert into PELINDO.DEMAGE_DETAILS_WEIGHT (ID_DEMAGE_DETAILS_WEIGHT,KODE1,KODE2,ID_CRITERIA,SCORE) values ('281','2','5','3','1');
Insert into PELINDO.DEMAGE_DETAILS_WEIGHT (ID_DEMAGE_DETAILS_WEIGHT,KODE1,KODE2,ID_CRITERIA,SCORE) values ('282','3','5','3','1');
Insert into PELINDO.DEMAGE_DETAILS_WEIGHT (ID_DEMAGE_DETAILS_WEIGHT,KODE1,KODE2,ID_CRITERIA,SCORE) values ('283','4','5','3','1');
Insert into PELINDO.DEMAGE_DETAILS_WEIGHT (ID_DEMAGE_DETAILS_WEIGHT,KODE1,KODE2,ID_CRITERIA,SCORE) values ('135','3','3','2','1');
Insert into PELINDO.DEMAGE_DETAILS_WEIGHT (ID_DEMAGE_DETAILS_WEIGHT,KODE1,KODE2,ID_CRITERIA,SCORE) values ('136','3','1','2','5');
Insert into PELINDO.DEMAGE_DETAILS_WEIGHT (ID_DEMAGE_DETAILS_WEIGHT,KODE1,KODE2,ID_CRITERIA,SCORE) values ('137','3','2','2','7');
Insert into PELINDO.DEMAGE_DETAILS_WEIGHT (ID_DEMAGE_DETAILS_WEIGHT,KODE1,KODE2,ID_CRITERIA,SCORE) values ('138','1','3','2','0,2');
Insert into PELINDO.DEMAGE_DETAILS_WEIGHT (ID_DEMAGE_DETAILS_WEIGHT,KODE1,KODE2,ID_CRITERIA,SCORE) values ('139','2','3','2','0,14285714285714285714285714285714285714');
Insert into PELINDO.DEMAGE_DETAILS_WEIGHT (ID_DEMAGE_DETAILS_WEIGHT,KODE1,KODE2,ID_CRITERIA,SCORE) values ('140','3','3','3','1');
Insert into PELINDO.DEMAGE_DETAILS_WEIGHT (ID_DEMAGE_DETAILS_WEIGHT,KODE1,KODE2,ID_CRITERIA,SCORE) values ('141','3','1','3','5');
Insert into PELINDO.DEMAGE_DETAILS_WEIGHT (ID_DEMAGE_DETAILS_WEIGHT,KODE1,KODE2,ID_CRITERIA,SCORE) values ('142','3','2','3','7');
Insert into PELINDO.DEMAGE_DETAILS_WEIGHT (ID_DEMAGE_DETAILS_WEIGHT,KODE1,KODE2,ID_CRITERIA,SCORE) values ('143','1','3','3','0,2');
Insert into PELINDO.DEMAGE_DETAILS_WEIGHT (ID_DEMAGE_DETAILS_WEIGHT,KODE1,KODE2,ID_CRITERIA,SCORE) values ('144','2','3','3','0,14285714285714285714285714285714285714');
Insert into PELINDO.DEMAGE_DETAILS_WEIGHT (ID_DEMAGE_DETAILS_WEIGHT,KODE1,KODE2,ID_CRITERIA,SCORE) values ('130','3','3','1','1');
Insert into PELINDO.DEMAGE_DETAILS_WEIGHT (ID_DEMAGE_DETAILS_WEIGHT,KODE1,KODE2,ID_CRITERIA,SCORE) values ('131','3','1','1','0,2');
Insert into PELINDO.DEMAGE_DETAILS_WEIGHT (ID_DEMAGE_DETAILS_WEIGHT,KODE1,KODE2,ID_CRITERIA,SCORE) values ('132','3','2','1','0,2');
Insert into PELINDO.DEMAGE_DETAILS_WEIGHT (ID_DEMAGE_DETAILS_WEIGHT,KODE1,KODE2,ID_CRITERIA,SCORE) values ('133','1','3','1','5');
Insert into PELINDO.DEMAGE_DETAILS_WEIGHT (ID_DEMAGE_DETAILS_WEIGHT,KODE1,KODE2,ID_CRITERIA,SCORE) values ('134','2','3','1','5');
Insert into PELINDO.DEMAGE_DETAILS_WEIGHT (ID_DEMAGE_DETAILS_WEIGHT,KODE1,KODE2,ID_CRITERIA,SCORE) values ('105','1','1','3','1');
Insert into PELINDO.DEMAGE_DETAILS_WEIGHT (ID_DEMAGE_DETAILS_WEIGHT,KODE1,KODE2,ID_CRITERIA,SCORE) values ('103','1','1','1','1');
Insert into PELINDO.DEMAGE_DETAILS_WEIGHT (ID_DEMAGE_DETAILS_WEIGHT,KODE1,KODE2,ID_CRITERIA,SCORE) values ('104','1','1','2','1');
Insert into PELINDO.DEMAGE_DETAILS_WEIGHT (ID_DEMAGE_DETAILS_WEIGHT,KODE1,KODE2,ID_CRITERIA,SCORE) values ('121','2','1','1','5');
Insert into PELINDO.DEMAGE_DETAILS_WEIGHT (ID_DEMAGE_DETAILS_WEIGHT,KODE1,KODE2,ID_CRITERIA,SCORE) values ('122','2','2','1','1');
Insert into PELINDO.DEMAGE_DETAILS_WEIGHT (ID_DEMAGE_DETAILS_WEIGHT,KODE1,KODE2,ID_CRITERIA,SCORE) values ('123','1','2','1','0,2');
Insert into PELINDO.DEMAGE_DETAILS_WEIGHT (ID_DEMAGE_DETAILS_WEIGHT,KODE1,KODE2,ID_CRITERIA,SCORE) values ('124','2','1','2','5');
Insert into PELINDO.DEMAGE_DETAILS_WEIGHT (ID_DEMAGE_DETAILS_WEIGHT,KODE1,KODE2,ID_CRITERIA,SCORE) values ('125','2','2','2','1');
Insert into PELINDO.DEMAGE_DETAILS_WEIGHT (ID_DEMAGE_DETAILS_WEIGHT,KODE1,KODE2,ID_CRITERIA,SCORE) values ('126','1','2','2','0,2');
Insert into PELINDO.DEMAGE_DETAILS_WEIGHT (ID_DEMAGE_DETAILS_WEIGHT,KODE1,KODE2,ID_CRITERIA,SCORE) values ('127','2','1','3','5');
Insert into PELINDO.DEMAGE_DETAILS_WEIGHT (ID_DEMAGE_DETAILS_WEIGHT,KODE1,KODE2,ID_CRITERIA,SCORE) values ('128','2','2','3','1');
Insert into PELINDO.DEMAGE_DETAILS_WEIGHT (ID_DEMAGE_DETAILS_WEIGHT,KODE1,KODE2,ID_CRITERIA,SCORE) values ('129','1','2','3','0,2');
REM INSERTING into PELINDO.FEEDBACK
SET DEFINE OFF;
REM INSERTING into PELINDO.PRIORITY
SET DEFINE OFF;
Insert into PELINDO.PRIORITY (ID_PRIORITY,NAME_PRIORITY,CREATED_AT,UPDATED_AT,PRIORITY_SCORE) values ('44','Sedang','06-03-2020','06-03-2020','5');
Insert into PELINDO.PRIORITY (ID_PRIORITY,NAME_PRIORITY,CREATED_AT,UPDATED_AT,PRIORITY_SCORE) values ('42','Sangat Mudah','06-03-2020','06-03-2020','1');
Insert into PELINDO.PRIORITY (ID_PRIORITY,NAME_PRIORITY,CREATED_AT,UPDATED_AT,PRIORITY_SCORE) values ('43','Mudah','06-03-2020','06-03-2020','3');
Insert into PELINDO.PRIORITY (ID_PRIORITY,NAME_PRIORITY,CREATED_AT,UPDATED_AT,PRIORITY_SCORE) values ('45','Sulit','06-03-2020','06-03-2020','7');
Insert into PELINDO.PRIORITY (ID_PRIORITY,NAME_PRIORITY,CREATED_AT,UPDATED_AT,PRIORITY_SCORE) values ('46','Sangat Sulit','06-03-2020','06-03-2020','9');
REM INSERTING into PELINDO.SCALE
SET DEFINE OFF;
Insert into PELINDO.SCALE (ID_SCALE,NAME_SCALE,SCORE_SCALE) values ('20','Mendekati Sangat Penting dari','6');
Insert into PELINDO.SCALE (ID_SCALE,NAME_SCALE,SCORE_SCALE) values ('21','Sangat Penting dari','7');
Insert into PELINDO.SCALE (ID_SCALE,NAME_SCALE,SCORE_SCALE) values ('18','Mendekati Lebih Penting dari','4');
Insert into PELINDO.SCALE (ID_SCALE,NAME_SCALE,SCORE_SCALE) values ('19','Lebih Penting dari','5');
Insert into PELINDO.SCALE (ID_SCALE,NAME_SCALE,SCORE_SCALE) values ('22','Mendekati Mutlak Lebih Penting dari','8');
Insert into PELINDO.SCALE (ID_SCALE,NAME_SCALE,SCORE_SCALE) values ('23','Mutlak Lebih Penting dari','9');
Insert into PELINDO.SCALE (ID_SCALE,NAME_SCALE,SCORE_SCALE) values ('24','1 dibagi Mendekati Sedikit Lebih Penting dari','0.5');
Insert into PELINDO.SCALE (ID_SCALE,NAME_SCALE,SCORE_SCALE) values ('25','1 dibagi Sedikit Lebih Penting dari','0.33');
Insert into PELINDO.SCALE (ID_SCALE,NAME_SCALE,SCORE_SCALE) values ('26','1 dibagi Mendekati Lebih Penting dari','0.25');
Insert into PELINDO.SCALE (ID_SCALE,NAME_SCALE,SCORE_SCALE) values ('27','1 dibagi Lebih Penting dari','0.2');
Insert into PELINDO.SCALE (ID_SCALE,NAME_SCALE,SCORE_SCALE) values ('28','1 dibagi Mendekati Sangat Penting dari','0.167');
Insert into PELINDO.SCALE (ID_SCALE,NAME_SCALE,SCORE_SCALE) values ('30','1 dibagi Mendekati Mutlak Lebih Penting dari','0.125');
Insert into PELINDO.SCALE (ID_SCALE,NAME_SCALE,SCORE_SCALE) values ('31','1 dibagi Mutlak Lebih Penting dari','0.111');
Insert into PELINDO.SCALE (ID_SCALE,NAME_SCALE,SCORE_SCALE) values ('17','Sedikit Lebih Penting dari','3');
Insert into PELINDO.SCALE (ID_SCALE,NAME_SCALE,SCORE_SCALE) values ('29','1 dibagi Sangat Penting dari','0.142');
Insert into PELINDO.SCALE (ID_SCALE,NAME_SCALE,SCORE_SCALE) values ('15','Sama Pentingnya dari','1');
Insert into PELINDO.SCALE (ID_SCALE,NAME_SCALE,SCORE_SCALE) values ('16','Mendekati Sedikit Lebih Penting dari','2');
REM INSERTING into PELINDO.TICKET
SET DEFINE OFF;
Insert into PELINDO.TICKET (ID_TICKET,ID_TICKET_DETAILS,TOKEN,STATUS,CREATED_AT,UPDATED_AT,SCORE,COMENT) values ('10','52','TOKEN9I2GQUYAC3','3','22-03-2020','22-03-2020',null,'12');
Insert into PELINDO.TICKET (ID_TICKET,ID_TICKET_DETAILS,TOKEN,STATUS,CREATED_AT,UPDATED_AT,SCORE,COMENT) values ('11','53','TOKENJ1QUH2NE5S','4','22-03-2020','22-03-2020','4','terimakasih sudah dilakukan pembenahan');
Insert into PELINDO.TICKET (ID_TICKET,ID_TICKET_DETAILS,TOKEN,STATUS,CREATED_AT,UPDATED_AT,SCORE,COMENT) values ('9','51','TOKENA4TGN5Y8UL','4','22-03-2020','22-03-2020','5','Kerja bagus');
Insert into PELINDO.TICKET (ID_TICKET,ID_TICKET_DETAILS,TOKEN,STATUS,CREATED_AT,UPDATED_AT,SCORE,COMENT) values ('12','54','TOKENOBC4ZLDVY5','1','22-03-2020',null,null,'14');
Insert into PELINDO.TICKET (ID_TICKET,ID_TICKET_DETAILS,TOKEN,STATUS,CREATED_AT,UPDATED_AT,SCORE,COMENT) values ('8','50','TOKEN1UWFNVB8PU','2','22-03-2020','22-03-2020',null,'10');
REM INSERTING into PELINDO.TICKET_DETAILS
SET DEFINE OFF;
Insert into PELINDO.TICKET_DETAILS (ID_TICKET_DETAILS,ID_TYPE_DEMAGES,ID_USERS,SUBJECT,DESCRIPTION,IMAGE,CREATED_AT,UPDATED_AT) values ('41','6','61','Printer Catridge Rusak','Ini di divisi IT khusus pada meja nomer 45, catridgenya terdapat permasalahan sehingga susah untuk mengeprint',null,'22-03-2020',null);
Insert into PELINDO.TICKET_DETAILS (ID_TICKET_DETAILS,ID_TYPE_DEMAGES,ID_USERS,SUBJECT,DESCRIPTION,IMAGE,CREATED_AT,UPDATED_AT) values ('42','6','61','printer catridgenya rusak','tolong ini di meja nomer 34, divisi IT. Catridgenya rusak',null,'22-03-2020',null);
Insert into PELINDO.TICKET_DETAILS (ID_TICKET_DETAILS,ID_TYPE_DEMAGES,ID_USERS,SUBJECT,DESCRIPTION,IMAGE,CREATED_AT,UPDATED_AT) values ('43','6','61','printer catridgenya rusak','tolong ini di meja nomer 34, divisi IT. Catridgenya rusak',null,'22-03-2020',null);
Insert into PELINDO.TICKET_DETAILS (ID_TICKET_DETAILS,ID_TYPE_DEMAGES,ID_USERS,SUBJECT,DESCRIPTION,IMAGE,CREATED_AT,UPDATED_AT) values ('45','11','83','printer catridgenya rusak','tolong benahin printer saya yang catridgenya rusak di meja nomer 34',null,'22-03-2020',null);
Insert into PELINDO.TICKET_DETAILS (ID_TICKET_DETAILS,ID_TYPE_DEMAGES,ID_USERS,SUBJECT,DESCRIPTION,IMAGE,CREATED_AT,UPDATED_AT) values ('47','13','83','Tolong printer On Off Saya Rusak','Benahin printer yang on off nya rusak di meja nomer 34',null,'22-03-2020',null);
Insert into PELINDO.TICKET_DETAILS (ID_TICKET_DETAILS,ID_TYPE_DEMAGES,ID_USERS,SUBJECT,DESCRIPTION,IMAGE,CREATED_AT,UPDATED_AT) values ('48','15','102','Windows Error Connection','Tolong PIC Windows saya error connection divisi IT',null,'22-03-2020',null);
Insert into PELINDO.TICKET_DETAILS (ID_TICKET_DETAILS,ID_TYPE_DEMAGES,ID_USERS,SUBJECT,DESCRIPTION,IMAGE,CREATED_AT,UPDATED_AT) values ('49','16','102','Windows Hang','Tolong windows saya hang lagi divisi IT',null,'22-03-2020',null);
Insert into PELINDO.TICKET_DETAILS (ID_TICKET_DETAILS,ID_TYPE_DEMAGES,ID_USERS,SUBJECT,DESCRIPTION,IMAGE,CREATED_AT,UPDATED_AT) values ('51','18','83','printer kabel putus','tolong dibenahi printer kabel saya yang putus terimakasih',null,'22-03-2020',null);
Insert into PELINDO.TICKET_DETAILS (ID_TICKET_DETAILS,ID_TYPE_DEMAGES,ID_USERS,SUBJECT,DESCRIPTION,IMAGE,CREATED_AT,UPDATED_AT) values ('52','20','102','windowsnya error','tolong benahi windows saya yang error ini dong di meja 20',null,'22-03-2020',null);
Insert into PELINDO.TICKET_DETAILS (ID_TICKET_DETAILS,ID_TYPE_DEMAGES,ID_USERS,SUBJECT,DESCRIPTION,IMAGE,CREATED_AT,UPDATED_AT) values ('53','21','102','windows hang','tolong benahi windows saya yang hang ini di meja 20',null,'22-03-2020',null);
Insert into PELINDO.TICKET_DETAILS (ID_TICKET_DETAILS,ID_TYPE_DEMAGES,ID_USERS,SUBJECT,DESCRIPTION,IMAGE,CREATED_AT,UPDATED_AT) values ('54','19','61','On Off Printer rusak','Tolong printer admin on off nya rusak dibenahi',null,'22-03-2020',null);
Insert into PELINDO.TICKET_DETAILS (ID_TICKET_DETAILS,ID_TYPE_DEMAGES,ID_USERS,SUBJECT,DESCRIPTION,IMAGE,CREATED_AT,UPDATED_AT) values ('50','17','83','printer catridgenya rusak','tolong dibenahi nomer 34
',null,'22-03-2020',null);
Insert into PELINDO.TICKET_DETAILS (ID_TICKET_DETAILS,ID_TYPE_DEMAGES,ID_USERS,SUBJECT,DESCRIPTION,IMAGE,CREATED_AT,UPDATED_AT) values ('44','7','61','printer kabelnya rusak','ini tolong meja 20 kabel dari printernya rusak tolong segera dibenahi',null,'22-03-2020',null);
Insert into PELINDO.TICKET_DETAILS (ID_TICKET_DETAILS,ID_TYPE_DEMAGES,ID_USERS,SUBJECT,DESCRIPTION,IMAGE,CREATED_AT,UPDATED_AT) values ('46','12','83','Kabel Printer Saya Putus','Tolong benahi kabel printer saya yaang putus di meja nomer 34 Divisi IT',null,'22-03-2020',null);
REM INSERTING into PELINDO.TYPE_DEMAGE
SET DEFINE OFF;
Insert into PELINDO.TYPE_DEMAGE (ID_TYPE_DEMAGES,TYPE_DEMAGE,ID_DEMAGE_DETAILS,ID_USERS,ID_PRIORITY,CREATED_AT,UPDATED_AT) values ('17','hardware','1','82','1','22-03-2020','22-03-2020');
Insert into PELINDO.TYPE_DEMAGE (ID_TYPE_DEMAGES,TYPE_DEMAGE,ID_DEMAGE_DETAILS,ID_USERS,ID_PRIORITY,CREATED_AT,UPDATED_AT) values ('18','hardware','2','82','1','22-03-2020','22-03-2020');
Insert into PELINDO.TYPE_DEMAGE (ID_TYPE_DEMAGES,TYPE_DEMAGE,ID_DEMAGE_DETAILS,ID_USERS,ID_PRIORITY,CREATED_AT,UPDATED_AT) values ('19','hardware','3','82','1','22-03-2020','22-03-2020');
Insert into PELINDO.TYPE_DEMAGE (ID_TYPE_DEMAGES,TYPE_DEMAGE,ID_DEMAGE_DETAILS,ID_USERS,ID_PRIORITY,CREATED_AT,UPDATED_AT) values ('20','software','4','101','1','22-03-2020','22-03-2020');
Insert into PELINDO.TYPE_DEMAGE (ID_TYPE_DEMAGES,TYPE_DEMAGE,ID_DEMAGE_DETAILS,ID_USERS,ID_PRIORITY,CREATED_AT,UPDATED_AT) values ('21','software','5','101','1','22-03-2020','22-03-2020');
REM INSERTING into PELINDO.USERS
SET DEFINE OFF;
Insert into PELINDO.USERS (ID_USERS,USERNAME,PASSWORD,NAME,POSITION,CREATED_AT,UPDATED_AT,ROLE,DIVISION,EXPERTISE) values ('101','picsoftware','2b993227b7c83044b6a4d6d578a12dd1','pic software','Staff','19-03-2020','22-03-2020','4','IT','software');
Insert into PELINDO.USERS (ID_USERS,USERNAME,PASSWORD,NAME,POSITION,CREATED_AT,UPDATED_AT,ROLE,DIVISION,EXPERTISE) values ('102','tegar','202cb962ac59075b964b07152d234b70','tegar wahyu','Staff','22-03-2020',null,'3','IT','-');
Insert into PELINDO.USERS (ID_USERS,USERNAME,PASSWORD,NAME,POSITION,CREATED_AT,UPDATED_AT,ROLE,DIVISION,EXPERTISE) values ('82','pichardware','202cb962ac59075b964b07152d234b70','pic hardware','Staff','15-03-2020','22-03-2020','4','IT','hardware');
Insert into PELINDO.USERS (ID_USERS,USERNAME,PASSWORD,NAME,POSITION,CREATED_AT,UPDATED_AT,ROLE,DIVISION,EXPERTISE) values ('81','pray','202cb962ac59075b964b07152d234b70','pray','Kepala','15-03-2020',null,'3','IT','-');
Insert into PELINDO.USERS (ID_USERS,USERNAME,PASSWORD,NAME,POSITION,CREATED_AT,UPDATED_AT,ROLE,DIVISION,EXPERTISE) values ('83','rifky','202cb962ac59075b964b07152d234b70','Rifky Prayanta','Staff','15-03-2020',null,'3','IT','-');
Insert into PELINDO.USERS (ID_USERS,USERNAME,PASSWORD,NAME,POSITION,CREATED_AT,UPDATED_AT,ROLE,DIVISION,EXPERTISE) values ('61','admin','21232f297a57a5a743894a0e4a801fc3','admin','Staff','02-03-2020','15-03-2020','2','IT','-');
--------------------------------------------------------
--  DDL for Index ID_USERS
--------------------------------------------------------

  CREATE UNIQUE INDEX "PELINDO"."ID_USERS" ON "PELINDO"."USERS" ("ID_USERS") 
  PCTFREE 10 INITRANS 2 MAXTRANS 255 COMPUTE STATISTICS 
  STORAGE(INITIAL 65536 NEXT 1048576 MINEXTENTS 1 MAXEXTENTS 2147483645
  PCTINCREASE 0 FREELISTS 1 FREELIST GROUPS 1 BUFFER_POOL DEFAULT FLASH_CACHE DEFAULT CELL_FLASH_CACHE DEFAULT)
  TABLESPACE "USERS" ;
--------------------------------------------------------
--  DDL for Trigger CRITERIA_TRG
--------------------------------------------------------

  CREATE OR REPLACE TRIGGER "PELINDO"."CRITERIA_TRG" 
BEFORE INSERT ON CRITERIA 
FOR EACH ROW 
BEGIN
  <<COLUMN_SEQUENCES>>
  BEGIN
    IF INSERTING AND :NEW.ID_CRITERIA IS NULL THEN
      SELECT CRITERIA_SEQ.NEXTVAL INTO :NEW.ID_CRITERIA FROM SYS.DUAL;
    END IF;
  END COLUMN_SEQUENCES;
END;
/
ALTER TRIGGER "PELINDO"."CRITERIA_TRG" ENABLE;
--------------------------------------------------------
--  DDL for Trigger CRITERIA_WEIGHT_TRG
--------------------------------------------------------

  CREATE OR REPLACE TRIGGER "PELINDO"."CRITERIA_WEIGHT_TRG" 
BEFORE INSERT ON CRITERIA_WEIGHT 
FOR EACH ROW 
BEGIN
  <<COLUMN_SEQUENCES>>
  BEGIN
    IF INSERTING AND :NEW.SCORE IS NULL THEN
      SELECT CRITERIA_WEIGHT_SEQ.NEXTVAL INTO :NEW.SCORE FROM SYS.DUAL;
    END IF;
  END COLUMN_SEQUENCES;
END;
/
ALTER TRIGGER "PELINDO"."CRITERIA_WEIGHT_TRG" ENABLE;
--------------------------------------------------------
--  DDL for Trigger CRITERIA_WEIGHT_TRG1
--------------------------------------------------------

  CREATE OR REPLACE TRIGGER "PELINDO"."CRITERIA_WEIGHT_TRG1" 
BEFORE INSERT ON CRITERIA_WEIGHT 
FOR EACH ROW 
BEGIN
  <<COLUMN_SEQUENCES>>
  BEGIN
    IF INSERTING AND :NEW.ID_CRITERIA_WEIGHT IS NULL THEN
      SELECT CRITERIA_WEIGHT_SEQ1.NEXTVAL INTO :NEW.ID_CRITERIA_WEIGHT FROM SYS.DUAL;
    END IF;
  END COLUMN_SEQUENCES;
END;
/
ALTER TRIGGER "PELINDO"."CRITERIA_WEIGHT_TRG1" ENABLE;
--------------------------------------------------------
--  DDL for Trigger DEMAGE_DETAILS_TRG
--------------------------------------------------------

  CREATE OR REPLACE TRIGGER "PELINDO"."DEMAGE_DETAILS_TRG" 
BEFORE INSERT ON DEMAGE_DETAILS 
FOR EACH ROW 
BEGIN
  <<COLUMN_SEQUENCES>>
  BEGIN
    IF INSERTING AND :NEW.TOTAL IS NULL THEN
      SELECT DEMAGE_DETAILS_SEQ.NEXTVAL INTO :NEW.TOTAL FROM SYS.DUAL;
    END IF;
  END COLUMN_SEQUENCES;
END;
/
ALTER TRIGGER "PELINDO"."DEMAGE_DETAILS_TRG" ENABLE;
--------------------------------------------------------
--  DDL for Trigger DEMAGE_DETAILS_TRG1
--------------------------------------------------------

  CREATE OR REPLACE TRIGGER "PELINDO"."DEMAGE_DETAILS_TRG1" 
BEFORE INSERT ON DEMAGE_DETAILS 
FOR EACH ROW 
BEGIN
  <<COLUMN_SEQUENCES>>
  BEGIN
    IF INSERTING AND :NEW.ID_DEMAGE_DETAILS IS NULL THEN
      SELECT DEMAGE_DETAILS_SEQ1.NEXTVAL INTO :NEW.ID_DEMAGE_DETAILS FROM SYS.DUAL;
    END IF;
  END COLUMN_SEQUENCES;
END;
/
ALTER TRIGGER "PELINDO"."DEMAGE_DETAILS_TRG1" ENABLE;
--------------------------------------------------------
--  DDL for Trigger DEMAGE_DETAILS_WEIGHT_TRG
--------------------------------------------------------

  CREATE OR REPLACE TRIGGER "PELINDO"."DEMAGE_DETAILS_WEIGHT_TRG" 
BEFORE INSERT ON DEMAGE_DETAILS_WEIGHT 
FOR EACH ROW 
BEGIN
  <<COLUMN_SEQUENCES>>
  BEGIN
    NULL;
  END COLUMN_SEQUENCES;
END;
/
ALTER TRIGGER "PELINDO"."DEMAGE_DETAILS_WEIGHT_TRG" ENABLE;
--------------------------------------------------------
--  DDL for Trigger DEMAGE_DETAILS_WEIGHT_TRG1
--------------------------------------------------------

  CREATE OR REPLACE TRIGGER "PELINDO"."DEMAGE_DETAILS_WEIGHT_TRG1" 
BEFORE INSERT ON DEMAGE_DETAILS_WEIGHT 
FOR EACH ROW 
BEGIN
  <<COLUMN_SEQUENCES>>
  BEGIN
    IF INSERTING AND :NEW.ID_DEMAGE_DETAILS_WEIGHT IS NULL THEN
      SELECT DEMAGE_DETAILS_WEIGHT_SEQ1.NEXTVAL INTO :NEW.ID_DEMAGE_DETAILS_WEIGHT FROM SYS.DUAL;
    END IF;
  END COLUMN_SEQUENCES;
END;
/
ALTER TRIGGER "PELINDO"."DEMAGE_DETAILS_WEIGHT_TRG1" ENABLE;
--------------------------------------------------------
--  DDL for Trigger FEEDBACK_TRG
--------------------------------------------------------

  CREATE OR REPLACE TRIGGER "PELINDO"."FEEDBACK_TRG" 
BEFORE INSERT ON FEEDBACK 
FOR EACH ROW 
BEGIN
  <<COLUMN_SEQUENCES>>
  BEGIN
    IF INSERTING AND :NEW.ID_FEEDBACK IS NULL THEN
      SELECT FEEDBACK_SEQ.NEXTVAL INTO :NEW.ID_FEEDBACK FROM SYS.DUAL;
    END IF;
  END COLUMN_SEQUENCES;
END;
/
ALTER TRIGGER "PELINDO"."FEEDBACK_TRG" ENABLE;
--------------------------------------------------------
--  DDL for Trigger PRIORITY_TRG
--------------------------------------------------------

  CREATE OR REPLACE TRIGGER "PELINDO"."PRIORITY_TRG" 
BEFORE INSERT ON PRIORITY 
FOR EACH ROW 
BEGIN
  <<COLUMN_SEQUENCES>>
  BEGIN
    NULL;
  END COLUMN_SEQUENCES;
END;
/
ALTER TRIGGER "PELINDO"."PRIORITY_TRG" ENABLE;
--------------------------------------------------------
--  DDL for Trigger PRIORITY_TRG1
--------------------------------------------------------

  CREATE OR REPLACE TRIGGER "PELINDO"."PRIORITY_TRG1" 
BEFORE INSERT ON PRIORITY 
FOR EACH ROW 
BEGIN
  <<COLUMN_SEQUENCES>>
  BEGIN
    IF INSERTING AND :NEW.ID_PRIORITY IS NULL THEN
      SELECT PRIORITY_SEQ1.NEXTVAL INTO :NEW.ID_PRIORITY FROM SYS.DUAL;
    END IF;
  END COLUMN_SEQUENCES;
END;
/
ALTER TRIGGER "PELINDO"."PRIORITY_TRG1" ENABLE;
--------------------------------------------------------
--  DDL for Trigger SCALE_TRG
--------------------------------------------------------

  CREATE OR REPLACE TRIGGER "PELINDO"."SCALE_TRG" 
BEFORE INSERT ON SCALE 
FOR EACH ROW 
BEGIN
  <<COLUMN_SEQUENCES>>
  BEGIN
    IF INSERTING AND :NEW.NAME_SCALE IS NULL THEN
      SELECT SCALE_SEQ.NEXTVAL INTO :NEW.NAME_SCALE FROM SYS.DUAL;
    END IF;
  END COLUMN_SEQUENCES;
END;
/
ALTER TRIGGER "PELINDO"."SCALE_TRG" ENABLE;
--------------------------------------------------------
--  DDL for Trigger SCALE_TRG1
--------------------------------------------------------

  CREATE OR REPLACE TRIGGER "PELINDO"."SCALE_TRG1" 
BEFORE INSERT ON SCALE 
FOR EACH ROW 
BEGIN
  <<COLUMN_SEQUENCES>>
  BEGIN
    IF INSERTING AND :NEW.ID_SCALE IS NULL THEN
      SELECT SCALE_SEQ1.NEXTVAL INTO :NEW.ID_SCALE FROM SYS.DUAL;
    END IF;
  END COLUMN_SEQUENCES;
END;
/
ALTER TRIGGER "PELINDO"."SCALE_TRG1" ENABLE;
--------------------------------------------------------
--  DDL for Trigger TICKET_DETAILS_TRG
--------------------------------------------------------

  CREATE OR REPLACE TRIGGER "PELINDO"."TICKET_DETAILS_TRG" 
BEFORE INSERT ON TICKET_DETAILS 
FOR EACH ROW 
BEGIN
  <<COLUMN_SEQUENCES>>
  BEGIN
    IF INSERTING AND :NEW.ID_TICKET_DETAILS IS NULL THEN
      SELECT TICKET_DETAILS_SEQ1.NEXTVAL INTO :NEW.ID_TICKET_DETAILS FROM SYS.DUAL;
    END IF;
    IF INSERTING AND :NEW.CREATED_AT IS NULL THEN
      SELECT TICKET_DETAILS_SEQ1.NEXTVAL INTO :NEW.CREATED_AT FROM SYS.DUAL;
    END IF;
  END COLUMN_SEQUENCES;
END;
/
ALTER TRIGGER "PELINDO"."TICKET_DETAILS_TRG" ENABLE;
--------------------------------------------------------
--  DDL for Trigger TICKET_TRG
--------------------------------------------------------

  CREATE OR REPLACE TRIGGER "PELINDO"."TICKET_TRG" 
BEFORE INSERT ON TICKET 
FOR EACH ROW 
BEGIN
  <<COLUMN_SEQUENCES>>
  BEGIN
    NULL;
  END COLUMN_SEQUENCES;
END;
/
ALTER TRIGGER "PELINDO"."TICKET_TRG" ENABLE;
--------------------------------------------------------
--  DDL for Trigger TICKET_TRG1
--------------------------------------------------------

  CREATE OR REPLACE TRIGGER "PELINDO"."TICKET_TRG1" 
BEFORE INSERT ON TICKET 
FOR EACH ROW 
BEGIN
  <<COLUMN_SEQUENCES>>
  BEGIN
    IF INSERTING AND :NEW.ID_TICKET IS NULL THEN
      SELECT TICKET_SEQ2.NEXTVAL INTO :NEW.ID_TICKET FROM SYS.DUAL;
    END IF;
    IF INSERTING AND :NEW.COMENT IS NULL THEN
      SELECT TICKET_SEQ1.NEXTVAL INTO :NEW.COMENT FROM SYS.DUAL;
    END IF;
  END COLUMN_SEQUENCES;
END;
/
ALTER TRIGGER "PELINDO"."TICKET_TRG1" ENABLE;
--------------------------------------------------------
--  DDL for Trigger TYPE_DEMAGE_TRG
--------------------------------------------------------

  CREATE OR REPLACE TRIGGER "PELINDO"."TYPE_DEMAGE_TRG" 
BEFORE INSERT ON TYPE_DEMAGE 
FOR EACH ROW 
BEGIN
  <<COLUMN_SEQUENCES>>
  BEGIN
    NULL;
  END COLUMN_SEQUENCES;
END;
/
ALTER TRIGGER "PELINDO"."TYPE_DEMAGE_TRG" ENABLE;
--------------------------------------------------------
--  DDL for Trigger TYPE_DEMAGE_TRG1
--------------------------------------------------------

  CREATE OR REPLACE TRIGGER "PELINDO"."TYPE_DEMAGE_TRG1" 
BEFORE INSERT ON TYPE_DEMAGE 
FOR EACH ROW 
BEGIN
  <<COLUMN_SEQUENCES>>
  BEGIN
    IF INSERTING AND :NEW.ID_TYPE_DEMAGES IS NULL THEN
      SELECT TYPE_DEMAGE_SEQ2.NEXTVAL INTO :NEW.ID_TYPE_DEMAGES FROM SYS.DUAL;
    END IF;
    IF INSERTING AND :NEW.UPDATED_AT IS NULL THEN
      SELECT TYPE_DEMAGE_SEQ1.NEXTVAL INTO :NEW.UPDATED_AT FROM SYS.DUAL;
    END IF;
  END COLUMN_SEQUENCES;
END;
/
ALTER TRIGGER "PELINDO"."TYPE_DEMAGE_TRG1" ENABLE;
--------------------------------------------------------
--  DDL for Trigger USERS_TRG
--------------------------------------------------------

  CREATE OR REPLACE TRIGGER "PELINDO"."USERS_TRG" 
BEFORE INSERT ON USERS 
FOR EACH ROW 
BEGIN
  <<COLUMN_SEQUENCES>>
  BEGIN
    IF INSERTING AND :NEW.ID_USERS IS NULL THEN
      SELECT USERS_SEQ.NEXTVAL INTO :NEW.ID_USERS FROM SYS.DUAL;
    END IF;
  END COLUMN_SEQUENCES;
END;
/
ALTER TRIGGER "PELINDO"."USERS_TRG" ENABLE;
--------------------------------------------------------
--  DDL for Function CUSTOM_AUTH
--------------------------------------------------------

  CREATE OR REPLACE FUNCTION "PELINDO"."CUSTOM_AUTH" (p_username in VARCHAR2, p_password in VARCHAR2)
return BOOLEAN
is
  l_password varchar2(4000);
  l_stored_password varchar2(4000);
  l_expires_on date;
  l_count number;
begin
-- First, check to see if the user is in the user table
select count(*) into l_count from demo_users where user_name = p_username;
if l_count > 0 then
  -- First, we fetch the stored hashed password & expire date
  select password, expires_on into l_stored_password, l_expires_on
   from demo_users where user_name = p_username;

  -- Next, we check to see if the user's account is expired
  -- If it is, return FALSE
  if l_expires_on > sysdate or l_expires_on is null then

    -- If the account is not expired, we have to apply the custom hash
    -- function to the password
    l_password := custom_hash(p_username, p_password);

    -- Finally, we compare them to see if they are the same and return
    -- either TRUE or FALSE
    if l_password = l_stored_password then
      return true;
    else
      return false;
    end if;
  else
    return false;
  end if;
else
  -- The username provided is not in the DEMO_USERS table
  return false;
end if;
end;

/
--------------------------------------------------------
--  DDL for Function CUSTOM_HASH
--------------------------------------------------------

  CREATE OR REPLACE FUNCTION "PELINDO"."CUSTOM_HASH" (p_username in varchar2, p_password in varchar2)
return varchar2
is
  l_password varchar2(4000);
  l_salt varchar2(4000) := 'JO9UN2WIRJB5H0CHWPPA2PZXUZ380Q';
begin

-- This function should be wrapped, as the hash algorhythm is exposed here.
-- You can change the value of l_salt or the method of which to call the
-- DBMS_OBFUSCATOIN toolkit, but you much reset all of your passwords
-- if you choose to do this.

l_password := utl_raw.cast_to_raw(dbms_obfuscation_toolkit.md5
  (input_string => p_password || substr(l_salt,10,13) || p_username ||
    substr(l_salt, 4,10)));
return l_password;
end;

/
--------------------------------------------------------
--  Constraints for Table SCALE
--------------------------------------------------------

  ALTER TABLE "PELINDO"."SCALE" MODIFY ("ID_SCALE" NOT NULL ENABLE);
--------------------------------------------------------
--  Constraints for Table USERS
--------------------------------------------------------

  ALTER TABLE "PELINDO"."USERS" ADD CONSTRAINT "ID_USERS" PRIMARY KEY ("ID_USERS")
  USING INDEX PCTFREE 10 INITRANS 2 MAXTRANS 255 COMPUTE STATISTICS 
  STORAGE(INITIAL 65536 NEXT 1048576 MINEXTENTS 1 MAXEXTENTS 2147483645
  PCTINCREASE 0 FREELISTS 1 FREELIST GROUPS 1 BUFFER_POOL DEFAULT FLASH_CACHE DEFAULT CELL_FLASH_CACHE DEFAULT)
  TABLESPACE "USERS"  ENABLE;
--------------------------------------------------------
--  Constraints for Table TYPE_DEMAGE
--------------------------------------------------------

  ALTER TABLE "PELINDO"."TYPE_DEMAGE" MODIFY ("ID_TYPE_DEMAGES" NOT NULL ENABLE);
--------------------------------------------------------
--  Constraints for Table TICKET
--------------------------------------------------------

  ALTER TABLE "PELINDO"."TICKET" MODIFY ("ID_TICKET" NOT NULL ENABLE);
--------------------------------------------------------
--  Constraints for Table PRIORITY
--------------------------------------------------------

  ALTER TABLE "PELINDO"."PRIORITY" MODIFY ("ID_PRIORITY" NOT NULL ENABLE);
--------------------------------------------------------
--  Constraints for Table CRITERIA
--------------------------------------------------------

  ALTER TABLE "PELINDO"."CRITERIA" MODIFY ("ID_CRITERIA" NOT NULL ENABLE);
--------------------------------------------------------
--  Constraints for Table FEEDBACK
--------------------------------------------------------

  ALTER TABLE "PELINDO"."FEEDBACK" MODIFY ("ID_FEEDBACK" NOT NULL ENABLE);
--------------------------------------------------------
--  Constraints for Table DEMAGE_DETAILS
--------------------------------------------------------

  ALTER TABLE "PELINDO"."DEMAGE_DETAILS" MODIFY ("ID_DEMAGE_DETAILS" NOT NULL ENABLE);
--------------------------------------------------------
--  Constraints for Table TICKET_DETAILS
--------------------------------------------------------

  ALTER TABLE "PELINDO"."TICKET_DETAILS" MODIFY ("ID_TICKET_DETAILS" NOT NULL ENABLE);
--------------------------------------------------------
--  Constraints for Table CRITERIA_WEIGHT
--------------------------------------------------------

  ALTER TABLE "PELINDO"."CRITERIA_WEIGHT" MODIFY ("ID_CRITERIA_WEIGHT" NOT NULL ENABLE);
